Page URL,Page Name
https://www.hammer-services.com/,Home Page
https://www.hammer-services.com/about/,About Us
https://www.hammer-services.com/aboutus/,About Us (Legacy)
https://www.hammer-services.com/contact/,Contact Us
https://www.hammer-services.com/services/,Services Index
https://www.hammer-services.com/landscape/,Landscape Design & Build
https://www.hammer-services.com/landscaping/,Landscaping Services
https://www.hammer-services.com/interior/,Interior Design & Build
https://www.hammer-services.com/facility/,Facility Management
https://www.hammer-services.com/projects/,Projects Portfolio
https://www.hammer-services.com/insights/,Insights & Blog
https://www.hammer-services.com/blogs/,Blog (Legacy)
https://www.hammer-services.com/villas,Villas
https://www.hammer-services.com/services/landscaping/,Landscaping Service
https://www.hammer-services.com/services/landscape/,Landscape Service
https://www.hammer-services.com/services/maintenance/,Maintenance Service
https://www.hammer-services.com/services/swimming-pools/,Swimming Pools Service
https://www.hammer-services.com/services/commercial-fit-out/,Commercial Fit-Out Service
https://www.hammer-services.com/interior/residential-fit-out-company-in-dubai/,Residential Fit-Out Company
https://www.hammer-services.com/landscape/landscape-design-development-company/,Landscape Design Company

